,street_number,post_municipality,telephone,type_store,Angebot,Montag,Dienstag,Mittwoch,Donnerstag,Freitag,Samstag,Sonntag,gmaps_link
0, Wengistrasse 7,8004 Zürich,058 999 06 27,Denner Express,"Humidor, Bargeldbezug mit Post- / M-Card",08:00 - 20:00,08:00 - 20:00,08:00 - 20:00,08:00 - 20:00,08:00 - 20:00,08:00 - 20:00,Closed,"https://maps.google.com/maps?saddr&daddr=Wengistrasse%207,%208004,Z%C3%BCrich,%20Switzerland"
1, Molkenstrasse 8,8004 Zürich,058 999 14 13,Denner Express,"Humidor, Bargeldbezug mit Post- / M-Card",07:00 - 20:00,07:00 - 20:00,07:00 - 20:00,07:00 - 20:00,07:00 - 20:00,07:00 - 20:00,Closed,"https://maps.google.com/maps?saddr&daddr=Molkenstrasse%208,%208004,Z%C3%BCrich,%20Switzerland"
2, Werdstrasse 36,8004 Zürich,058 999 03 02,Denner Filiale,"Humidor, Bargeldbezug mit Post- / M-Card",08:00 - 20:00,08:00 - 20:00,08:00 - 20:00,08:00 - 20:00,08:00 - 20:00,08:00 - 20:00,Closed,"https://maps.google.com/maps?saddr&daddr=Werdstrasse%2036,%208004,Z%C3%BCrich,%20Switzerland"
3, Sihlhallenstrasse 5-7,8004 Zürich,058 999 04 19,Denner Express,"Humidor, Bargeldbezug mit Post- / M-Card, Post Servicepoint",08:00 - 20:00,08:00 - 20:00,08:00 - 20:00,08:00 - 20:00,08:00 - 20:00,08:00 - 20:00,Closed,"https://maps.google.com/maps?saddr&daddr=Sihlhallenstrasse%205-7,%208004,Z%C3%BCrich,%20Switzerland"
4, Badenerstrasse 296,8004 Zürich,058 999 14 75,Denner Filiale,"Humidor, Bargeldbezug mit Post- / M-Card",07:00 - 20:00,07:00 - 20:00,07:00 - 20:00,07:00 - 20:00,07:00 - 20:00,07:00 - 20:00,Closed,"https://maps.google.com/maps?saddr&daddr=Badenerstrasse%20296,%208004,Z%C3%BCrich,%20Switzerland"
5, Fierzgasse 18,8005 Zürich,058 999 05 14,Denner Filiale,"Humidor, Bargeldbezug mit Post- / M-Card",08:00 - 20:00,08:00 - 20:00,08:00 - 20:00,08:00 - 20:00,08:00 - 20:00,08:00 - 20:00,Closed,"https://maps.google.com/maps?saddr&daddr=Fierzgasse%2018,%208005,Z%C3%BCrich,%20Switzerland"
6, Birmensdorferstrasse 320,8055 Zürich,058 999 04 88,Denner Filiale,"Humidor, Bargeldbezug mit Post- / M-Card",08:00 - 20:00,08:00 - 20:00,08:00 - 20:00,08:00 - 20:00,08:00 - 20:00,08:00 - 20:00,Closed,"https://maps.google.com/maps?saddr&daddr=Birmensdorferstrasse%20320,%208055,Z%C3%BCrich,%20Switzerland"
7, Limmatstrasse 152,8005 Zürich,058 999 14 23,Denner Filiale,"Humidor, Bargeldbezug mit Post- / M-Card",07:30 - 20:00,07:30 - 20:00,07:30 - 20:00,07:30 - 20:00,07:30 - 20:00,07:30 - 20:00,Closed,"https://maps.google.com/maps?saddr&daddr=Limmatstrasse%20152,%208005,Z%C3%BCrich,%20Switzerland"
8, Uetlibergstrasse 102,8045 Zürich,058 999 04 58,Denner Express,"Humidor, Bargeldbezug mit Post- / M-Card",07:00 - 20:00,07:00 - 20:00,07:00 - 20:00,07:00 - 20:00,07:00 - 20:00,08:00 - 18:00,Closed,"https://maps.google.com/maps?saddr&daddr=Uetlibergstrasse%20102,%208045,Z%C3%BCrich,%20Switzerland"
9, Limmatstrasse 275,8005 Zürich,058 999 14 76,Denner Filiale,"Humidor, Bargeldbezug mit Post- / M-Card",07:30 - 20:00,07:30 - 20:00,07:30 - 20:00,07:30 - 20:00,07:30 - 20:00,08:00 - 20:00,Closed,"https://maps.google.com/maps?saddr&daddr=Limmatstrasse%20275,%208005,Z%C3%BCrich,%20Switzerland"
10, Birmensdorferstrasse 406,8055 Zürich,058 999 05 75,Denner Filiale,"Humidor, Bargeldbezug mit Post- / M-Card",08:00 - 20:00,08:00 - 20:00,08:00 - 20:00,08:00 - 20:00,08:00 - 20:00,08:00 - 20:00,Closed,"https://maps.google.com/maps?saddr&daddr=Birmensdorferstrasse%20406,%208055,Z%C3%BCrich,%20Switzerland"
11, Giesshübelstrasse 65,8045 Zürich,058 999 05 06,Denner Filiale,"Humidor, Bargeldbezug mit Post- / M-Card",08:00 - 20:00,08:00 - 20:00,08:00 - 20:00,08:00 - 20:00,08:00 - 20:00,08:00 - 20:00,Closed,"https://maps.google.com/maps?saddr&daddr=Giessh%C3%BCbelstrasse%2065,%208045,Z%C3%BCrich,%20Switzerland"
12, Schaffhauserstrasse 11,8006 Zürich,058 999 14 01,Denner Express,"Humidor, Bargeldbezug mit Post- / M-Card",08:00 - 20:00,08:00 - 20:00,08:00 - 20:00,08:00 - 20:00,08:00 - 20:00,08:00 - 20:00,Closed,"https://maps.google.com/maps?saddr&daddr=Schaffhauserstrasse%2011,%208006,Z%C3%BCrich,%20Switzerland"
13, Letzigraben 120,8047 Zürich,058 999 14 07,Denner Filiale,"Humidor, Bargeldbezug mit Post- / M-Card",07:30 - 20:00,07:30 - 20:00,07:30 - 20:00,07:30 - 20:00,07:30 - 20:00,07:30 - 20:00,Closed,"https://maps.google.com/maps?saddr&daddr=Letzigraben%20120,%208047,Z%C3%BCrich,%20Switzerland"
14, Landenbergstrasse 22,8037 Zürich,058 999 65 08,Denner Express,Bargeldbezug mit Post- / M-Card,07:00 - 20:00,07:00 - 20:00,07:00 - 20:00,07:00 - 20:00,07:00 - 20:00,08:00 - 19:00,Closed,"https://maps.google.com/maps?saddr&daddr=Landenbergstrasse%2022,%208037,Z%C3%BCrich,%20Switzerland"
15, Baslerstrasse 50,8048 Zürich,058 999 03 00,Denner Filiale,"Humidor, Bargeldbezug mit Post- / M-Card, Post Servicepoint",09:00 - 20:00,09:00 - 20:00,09:00 - 20:00,09:00 - 20:00,09:00 - 20:00,09:00 - 20:00,Closed,"https://maps.google.com/maps?saddr&daddr=Baslerstrasse%2050,%208048,Z%C3%BCrich,%20Switzerland"
16, Winterthurerstrasse 83,8006 Zürich,058 999 13 56,Denner Express,"Humidor, Bargeldbezug mit Post- / M-Card, Post Servicepoint",08:00 - 20:00,08:00 - 20:00,08:00 - 20:00,08:00 - 20:00,08:00 - 20:00,08:00 - 20:00,Closed,"https://maps.google.com/maps?saddr&daddr=Winterthurerstrasse%2083,%208006,Z%C3%BCrich,%20Switzerland"
17, Kreuzstrasse 40,8008 Zürich,058 999 03 98,Denner Express,"Humidor, Bargeldbezug mit Post- / M-Card",08:00 - 20:00,08:00 - 20:00,08:00 - 20:00,08:00 - 20:00,08:00 - 20:00,08:00 - 18:00,Closed,"https://maps.google.com/maps?saddr&daddr=Kreuzstrasse%2040,%208008,Z%C3%BCrich,%20Switzerland"
18, Hottingerstrasse 52,8032 Zürich,058 999 14 02,Denner Express,"Humidor, Bargeldbezug mit Post- / M-Card",08:00 - 20:00,08:00 - 20:00,08:00 - 20:00,08:00 - 20:00,08:00 - 20:00,08:00 - 20:00,Closed,"https://maps.google.com/maps?saddr&daddr=Hottingerstrasse%2052,%208032,Z%C3%BCrich,%20Switzerland"
19, Badenerstrasse 621,8048 Zürich,058 999 14 35,Denner Filiale,"Humidor, Bargeldbezug mit Post- / M-Card",07:30 - 20:00,07:30 - 20:00,07:30 - 20:00,07:30 - 20:00,07:30 - 20:00,07:30 - 20:00,Closed,"https://maps.google.com/maps?saddr&daddr=Badenerstrasse%20621,%208048,Z%C3%BCrich,%20Switzerland"
20, Apollostrasse 2,8032 Zürich,058 999 03 03,Denner Express,"Humidor, Bargeldbezug mit Post- / M-Card",08:00 - 20:00,08:00 - 20:00,08:00 - 20:00,08:00 - 20:00,08:00 - 20:00,08:00 - 20:00,Closed,"https://maps.google.com/maps?saddr&daddr=Apollostrasse%202,%208032,Z%C3%BCrich,%20Switzerland"
21, Toblerstrasse 76,8044 Zürich,058 999 14 33,Denner Express,"Humidor, Bargeldbezug mit Post- / M-Card",07:30 - 20:00,07:30 - 20:00,07:30 - 20:00,07:30 - 20:00,07:30 - 20:00,07:30 - 20:00,Closed,"https://maps.google.com/maps?saddr&daddr=Toblerstrasse%2076,%208044,Z%C3%BCrich,%20Switzerland"
22, Hofwiesenstrasse 135,8057 Zürich,058 999 04 98,Denner Express,"Humidor, Bargeldbezug mit Post- / M-Card",07:00 - 20:00,07:00 - 20:00,07:00 - 20:00,07:00 - 20:00,07:00 - 20:00,07:00 - 20:00,Closed,"https://maps.google.com/maps?saddr&daddr=Hofwiesenstrasse%20135,%208057,Z%C3%BCrich,%20Switzerland"
23, Bockhornstrasse 1,8047 Zürich,058 999 05 70,Denner Filiale,"Humidor, Bargeldbezug mit Post- / M-Card",08:00 - 20:00,08:00 - 20:00,08:00 - 20:00,08:00 - 20:00,08:00 - 20:00,08:00 - 20:00,Closed,"https://maps.google.com/maps?saddr&daddr=Bockhornstrasse%201,%208047,Z%C3%BCrich,%20Switzerland"
24, Altstetterstrasse 145,8048 Zürich,058 999 03 97,Denner Filiale,"Humidor, Bargeldbezug mit Post- / M-Card",08:00 - 20:00,08:00 - 20:00,08:00 - 20:00,08:00 - 20:00,08:00 - 20:00,08:00 - 20:00,Closed,"https://maps.google.com/maps?saddr&daddr=Altstetterstrasse%20145,%208048,Z%C3%BCrich,%20Switzerland"
25, Lindenplatz 4,8048 Zürich,058 999 04 10,Denner Express,"Bargeldbezug mit Post- / M-Card, Humidor",07:00 - 20:00,07:00 - 20:00,07:00 - 20:00,07:00 - 20:00,07:00 - 20:00,07:00 - 20:00,Closed,"https://maps.google.com/maps?saddr&daddr=Lindenplatz%204,%208048,Z%C3%BCrich,%20Switzerland"
26, Bachmattstrasse 59,8048 Zürich,058 999 14 86,Denner Filiale,"Humidor, Bargeldbezug mit Post- / M-Card",07:30 - 20:00,07:30 - 20:00,07:30 - 20:00,07:30 - 20:00,07:30 - 20:00,08:00 - 20:00,Closed,"https://maps.google.com/maps?saddr&daddr=Bachmattstrasse%2059,%208048,Z%C3%BCrich,%20Switzerland"
27, Etzelstrasse 6,8038 Zürich,058 999 04 16,Denner Filiale,"Humidor, Bargeldbezug mit Post- / M-Card",08:00 - 20:00,08:00 - 20:00,08:00 - 20:00,08:00 - 20:00,08:00 - 20:00,08:00 - 20:00,Closed,"https://maps.google.com/maps?saddr&daddr=Etzelstrasse%206,%208038,Z%C3%BCrich,%20Switzerland"
28, Hohlstrasse 610,8048 Zürich,058 999 04 45,Denner Filiale,"Bargeldbezug mit Post- / M-Card, Humidor",07:00 - 20:00,07:00 - 20:00,07:00 - 20:00,07:00 - 20:00,07:00 - 20:00,08:00 - 18:00,Closed,"https://maps.google.com/maps?saddr&daddr=Hohlstrasse%20610,%208048,Z%C3%BCrich,%20Switzerland"
29, Limmattalstrasse 177,8049 Zürich,058 999 65 00,Denner Express,"Humidor, Bargeldbezug mit Post- / M-Card",07:00 - 19:00,07:00 - 19:00,07:00 - 19:00,07:00 - 19:00,07:00 - 19:00,07:30 - 17:00,Closed,"https://maps.google.com/maps?saddr&daddr=Limmattalstrasse%20177,%208049,Z%C3%BCrich,%20Switzerland"
30, Regensdorferstrasse 16,8049 Zürich,058 999 13 22,Denner Filiale,"Humidor, Bargeldbezug mit Post- / M-Card",08:00 - 19:00,08:00 - 19:00,08:00 - 19:00,08:00 - 19:00,08:00 - 19:00,08:00 - 19:00,Closed,"https://maps.google.com/maps?saddr&daddr=Regensdorferstrasse%2016,%208049,Z%C3%BCrich,%20Switzerland"
31, Regensbergstrasse 309,8050 Zürich,058 999 05 33,Denner Filiale,"Humidor, Bargeldbezug mit Post- / M-Card, Post Servicepoint",07:30 - 20:00,07:30 - 20:00,07:30 - 20:00,07:30 - 20:00,07:30 - 20:00,07:30 - 20:00,Closed,"https://maps.google.com/maps?saddr&daddr=Regensbergstrasse%20309,%208050,Z%C3%BCrich,%20Switzerland"
32, Schwamendingenstrasse 24,8050 Zürich,058 999 13 74,Denner Filiale,"Humidor, Bargeldbezug mit Post- / M-Card",07:30 - 20:00,07:30 - 20:00,07:30 - 20:00,07:30 - 20:00,07:30 - 20:00,07:30 - 20:00,Closed,"https://maps.google.com/maps?saddr&daddr=Schwamendingenstrasse%2024,%208050,Z%C3%BCrich,%20Switzerland"
33, Forchstrasse 261,8032 Zürich,058 999 65 10,Denner Express,Bargeldbezug mit Post- / M-Card,07:00 - 20:00,07:00 - 20:00,07:00 - 20:00,07:00 - 20:00,07:00 - 20:00,08:00 - 20:00,Closed,"https://maps.google.com/maps?saddr&daddr=Forchstrasse%20261,%208032,Z%C3%BCrich,%20Switzerland"
34, Hofwiesenstrasse 350,8050 Zürich,058 999 03 13,Denner Filiale,"Humidor, Bargeldbezug mit Post- / M-Card",07:30 - 20:00,07:30 - 20:00,07:30 - 20:00,07:30 - 20:00,07:30 - 20:00,07:30 - 20:00,Closed,"https://maps.google.com/maps?saddr&daddr=Hofwiesenstrasse%20350,%208050,Z%C3%BCrich,%20Switzerland"
35, Binzmühlestrasse 80,8050 Zürich,058 999 14 82,Denner Filiale,"Humidor, Bargeldbezug mit Post- / M-Card",07:30 - 20:00,07:30 - 20:00,07:30 - 20:00,07:30 - 20:00,07:30 - 20:00,07:30 - 20:00,Closed,"https://maps.google.com/maps?saddr&daddr=Binzm%C3%BChlestrasse%2080,%208050,Z%C3%BCrich,%20Switzerland"
36, Winterthurerstr. 524,8051 Zürich,058 999 05 49,Denner Filiale,"Humidor, Bargeldbezug mit Post- / M-Card",07:30 - 20:00,07:30 - 20:00,07:30 - 20:00,07:30 - 20:00,07:30 - 20:00,07:30 - 20:00,Closed,"https://maps.google.com/maps?saddr&daddr=Winterthurerstr.%20524,%208051,Z%C3%BCrich,%20Switzerland"
37, Witikonerstrasse 299,8053 Zürich,058 999 06 71,Denner Filiale,"Humidor, Bargeldbezug mit Post- / M-Card",08:00 - 20:00,08:00 - 20:00,08:00 - 20:00,08:00 - 20:00,08:00 - 20:00,08:00 - 20:00,Closed,"https://maps.google.com/maps?saddr&daddr=Witikonerstrasse%20299,%208053,Z%C3%BCrich,%20Switzerland"
38, In Böden 174,8046 Zürich,058 999 03 10,Denner Filiale,"Humidor, Bargeldbezug mit Post- / M-Card",08:00 - 20:00,08:00 - 20:00,08:00 - 20:00,08:00 - 20:00,08:00 - 20:00,08:00 - 20:00,Closed,"https://maps.google.com/maps?saddr&daddr=In%20B%C3%B6den%20174,%208046,Z%C3%BCrich,%20Switzerland"
39, Schaffhauserstr. 491,8052 Zürich,058 999 05 97,Denner Filiale,"Humidor, Bargeldbezug mit Post- / M-Card",08:00 - 20:00,08:00 - 20:00,08:00 - 20:00,08:00 - 20:00,08:00 - 20:00,08:00 - 20:00,Closed,"https://maps.google.com/maps?saddr&daddr=Schaffhauserstr.%20491,%208052,Z%C3%BCrich,%20Switzerland"
40, Zürcherstrasse 110,8903 Birmensdorf ZH,058 999 06 06,Denner Filiale,"Humidor, Bargeldbezug mit Post- / M-Card",07:00 - 20:00,07:00 - 20:00,07:00 - 20:00,07:00 - 20:00,07:00 - 20:00,08:00 - 20:00,Closed,"https://maps.google.com/maps?saddr&daddr=Z%C3%BCrcherstrasse%20110,%208903,Birmensdorf%20ZH,%20Switzerland"
41, Dübendorfstrasse 271,8051 Zürich,058 999 14 63,Denner Filiale,"Humidor, Bargeldbezug mit Post- / M-Card",07:30 - 20:00,07:30 - 20:00,07:30 - 20:00,07:30 - 20:00,07:30 - 20:00,07:30 - 20:00,Closed,"https://maps.google.com/maps?saddr&daddr=D%C3%BCbendorfstrasse%20271,%208051,Z%C3%BCrich,%20Switzerland"
42, Thurgauerstrasse 106,8152 Glattbrugg,058 999 13 50,Denner Filiale,"Humidor, Bargeldbezug mit Post- / M-Card",08:00 - 20:00,08:00 - 20:00,08:00 - 20:00,08:00 - 20:00,08:00 - 20:00,08:00 - 20:00,Closed,"https://maps.google.com/maps?saddr&daddr=Thurgauerstrasse%20106,%208152,Glattbrugg,%20Switzerland"
43, Ladengasse 1,8102 Oberengstringen,058 999 06 13,Denner Filiale,"Humidor, Bargeldbezug mit Post- / M-Card",08:00 - 20:00,08:00 - 20:00,08:00 - 20:00,08:00 - 20:00,08:00 - 20:00,08:00 - 20:00,Closed,"https://maps.google.com/maps?saddr&daddr=Ladengasse%201,%208102,Oberengstringen,%20Switzerland"
44, Soodstrasse 52,8134 Adliswil,058 999 14 56,Denner Express,"Humidor, Bargeldbezug mit Post- / M-Card",07:00 - 20:00,07:00 - 20:00,07:00 - 20:00,07:00 - 20:00,07:00 - 20:00,07:00 - 18:00,Closed,"https://maps.google.com/maps?saddr&daddr=Soodstrasse%2052,%208134,Adliswil,%20Switzerland"
45, Glattalstrasse 76,8052 Zürich,058 999 14 10,Denner Express,"Bargeldbezug mit Post- / M-Card, Humidor",07:30 - 20:00,07:30 - 20:00,07:30 - 20:00,07:30 - 20:00,07:30 - 20:00,07:30 - 20:00,Closed,"https://maps.google.com/maps?saddr&daddr=Glattalstrasse%2076,%208052,Z%C3%BCrich,%20Switzerland"
46, Uitikonerstrasse 9,8952 Schlieren,058 999 03 15,Denner Filiale,"Humidor, Bargeldbezug mit Post- / M-Card",08:00 - 20:00,08:00 - 20:00,08:00 - 20:00,08:00 - 20:00,08:00 - 20:00,08:00 - 18:00,Closed,"https://maps.google.com/maps?saddr&daddr=Uitikonerstrasse%209,%208952,Schlieren,%20Switzerland"
47, Güterstrasse 4-6,8952 Schlieren,058 999 14 15,Denner Express,"Humidor, Bargeldbezug mit Post- / M-Card",06:00 - 22:00,06:00 - 22:00,06:00 - 22:00,06:00 - 22:00,06:00 - 22:00,06:00 - 22:00,07:00 - 22:00,"https://maps.google.com/maps?saddr&daddr=G%C3%BCterstrasse%204-6,%208952,Schlieren,%20Switzerland"
48, Neue Winterthurerstrasse 99,8304 Wallisellen,058 999 06 66,Denner Filiale,"Humidor, Bargeldbezug mit Post- / M-Card",09:00 - 20:00,09:00 - 20:00,09:00 - 20:00,09:00 - 20:00,09:00 - 20:00,09:00 - 20:00,Closed,"https://maps.google.com/maps?saddr&daddr=Neue%20Winterthurerstrasse%2099,%208304,Wallisellen,%20Switzerland"
49, Hochweidstrasse 3,8802 Kilchberg ZH,058 999 14 21,Denner Filiale,"Humidor, Bargeldbezug mit Post- / M-Card, Post Servicepoint",08:00 - 20:00,08:00 - 20:00,08:00 - 20:00,08:00 - 20:00,08:00 - 20:00,08:00 - 20:00,Closed,"https://maps.google.com/maps?saddr&daddr=Hochweidstrasse%203,%208802,Kilchberg%20ZH,%20Switzerland"
50, Tiefackerstrasse 20,8134 Adliswil,058 999 13 72,Denner Filiale,"Humidor, Bargeldbezug mit Post- / M-Card",07:00 - 20:00,07:00 - 20:00,07:00 - 20:00,07:00 - 20:00,07:00 - 20:00,07:00 - 20:00,Closed,"https://maps.google.com/maps?saddr&daddr=Tiefackerstrasse%2020,%208134,Adliswil,%20Switzerland"
51, Bahnhofstrasse 9,8304 Wallisellen,058 999 06 58,Denner Filiale,"Humidor, Bargeldbezug mit Post- / M-Card",07:00 - 20:00,07:00 - 20:00,07:00 - 20:00,07:00 - 20:00,07:00 - 20:00,07:00 - 20:00,Closed,"https://maps.google.com/maps?saddr&daddr=Bahnhofstrasse%209,%208304,Wallisellen,%20Switzerland"
52, Bahnhofplatz 8a,8152 Glattbrugg,058 999 14 41,Denner Express,"Humidor, Bargeldbezug mit Post- / M-Card",07:30 - 20:00,07:30 - 20:00,07:30 - 20:00,07:30 - 20:00,07:30 - 20:00,08:00 - 20:00,Closed,"https://maps.google.com/maps?saddr&daddr=Bahnhofplatz%208a,%208152,Glattbrugg,%20Switzerland"
53, Freiestrasse 52,8952 Schlieren,058 999 04 11,Denner Express,Bargeldbezug mit Post- / M-Card,08:00 - 20:00,08:00 - 20:00,08:00 - 20:00,08:00 - 20:00,08:00 - 20:00,08:00 - 18:00,Closed,"https://maps.google.com/maps?saddr&daddr=Freiestrasse%2052,%208952,Schlieren,%20Switzerland"
54, Florastrasse 10,8134 Adliswil,058 999 06 56,Denner Filiale,"Humidor, Bargeldbezug mit Post- / M-Card",07:00 - 20:00,07:00 - 20:00,07:00 - 20:00,07:00 - 20:00,07:00 - 20:00,07:00 - 20:00,08:00 - 18:00,"https://maps.google.com/maps?saddr&daddr=Florastrasse%2010,%208134,Adliswil,%20Switzerland"
55, Wallisellerstrasse 114/116,8152 Opfikon,058 999 65 02,Denner Partner,"Humidor, Bargeldbezug mit Post- / M-Card, Poststelle",08:00 - 20:00,08:00 - 20:00,08:00 - 20:00,08:00 - 20:00,08:00 - 20:00,08:00 - 20:00,Closed,"https://maps.google.com/maps?saddr&daddr=Wallisellerstrasse%20114/116,%208152,Opfikon,%20Switzerland"
56, Neuweg 4,8600 Dübendorf,058 999 04 20,Denner Filiale,"Humidor, Bargeldbezug mit Post- / M-Card",07:00 - 20:00,07:00 - 20:00,07:00 - 20:00,07:00 - 20:00,07:00 - 20:00,07:00 - 20:00,Closed,"https://maps.google.com/maps?saddr&daddr=Neuweg%204,%208600,D%C3%BCbendorf,%20Switzerland"
57, Rietbachstrasse 14,8952 Schlieren,058 999 13 98,Denner Filiale,"Humidor, Bargeldbezug mit Post- / M-Card, Spezial Biere",08:00 - 20:00,08:00 - 20:00,08:00 - 20:00,08:00 - 20:00,08:00 - 20:00,08:00 - 20:00,Closed,"https://maps.google.com/maps?saddr&daddr=Rietbachstrasse%2014,%208952,Schlieren,%20Switzerland"
58, Im Zentrum 1 ,8105 Regensdorf,058 999 06 74,Denner Filiale,"Humidor, Bargeldbezug mit Post- / M-Card",08:00 - 20:00,08:00 - 20:00,08:00 - 20:00,08:00 - 20:00,08:00 - 20:00,08:00 - 20:00,Closed,"https://maps.google.com/maps?saddr&daddr=Im%20Zentrum%201%20,%208105,Regensdorf,%20Switzerland"
59, Wallisellenstrasse 17,8600 Dübendorf,058 999 06 61,Denner Filiale,"Humidor, Bargeldbezug mit Post- / M-Card",08:00 - 20:00,08:00 - 20:00,08:00 - 20:00,08:00 - 20:00,08:00 - 20:00,08:00 - 20:00,Closed,"https://maps.google.com/maps?saddr&daddr=Wallisellenstrasse%2017,%208600,D%C3%BCbendorf,%20Switzerland"
60, Schaffhauserstrasse 141,8152 Glattbrugg,058 999 04 30,Denner Filiale,"Humidor, Bargeldbezug mit Post- / M-Card",07:00 - 20:00,07:00 - 20:00,07:00 - 20:00,07:00 - 20:00,07:00 - 20:00,07:00 - 20:00,Closed,"https://maps.google.com/maps?saddr&daddr=Schaffhauserstrasse%20141,%208152,Glattbrugg,%20Switzerland"
61, Birmensdorferstrasse 79,8902 Urdorf,058 999 06 78,Denner Filiale,"Humidor, Bargeldbezug mit Post- / M-Card",08:00 - 20:00,08:00 - 20:00,08:00 - 20:00,08:00 - 20:00,08:00 - 20:00,08:00 - 20:00,Closed,"https://maps.google.com/maps?saddr&daddr=Birmensdorferstrasse%2079,%208902,Urdorf,%20Switzerland"
62, Strehlgasse 11,8600 Dübendorf,058 999 13 80,Denner Express,"Humidor, Bargeldbezug mit Post- / M-Card",07:30 - 20:00,07:30 - 20:00,07:30 - 20:00,07:30 - 20:00,07:30 - 20:00,07:30 - 20:00,Closed,"https://maps.google.com/maps?saddr&daddr=Strehlgasse%2011,%208600,D%C3%BCbendorf,%20Switzerland"
63, Dorfstrasse 17,8126 Zumikon,058 999 13 54,Denner Filiale,"Humidor, Bargeldbezug mit Post- / M-Card",08:00 - 20:00,08:00 - 20:00,08:00 - 20:00,08:00 - 20:00,08:00 - 20:00,08:00 - 18:00,Closed,"https://maps.google.com/maps?saddr&daddr=Dorfstrasse%2017,%208126,Zumikon,%20Switzerland"
64, Zürcherstrasse 6,8803 Rüschlikon,058 999 04 35,Denner Filiale,"Humidor, Bargeldbezug mit Post- / M-Card",08:00 - 20:00,08:00 - 20:00,08:00 - 20:00,08:00 - 20:00,08:00 - 20:00,08:00 - 20:00,Closed,"https://maps.google.com/maps?saddr&daddr=Z%C3%BCrcherstrasse%206,%208803,R%C3%BCschlikon,%20Switzerland"
65, Wehntalerstrasse 190,8105 Regensdorf,058 999 03 17,Denner Express,"Humidor, Bargeldbezug mit Post- / M-Card",08:00 - 20:00,08:00 - 20:00,08:00 - 20:00,08:00 - 20:00,08:00 - 20:00,08:00 - 20:00,Closed,"https://maps.google.com/maps?saddr&daddr=Wehntalerstrasse%20190,%208105,Regensdorf,%20Switzerland"
66, Bahnhofstrasse 40 / 42,8703 Erlenbach ZH,058 999 06 65,Denner Filiale,"Humidor, Bargeldbezug mit Post- / M-Card",08:00 - 20:00,08:00 - 20:00,08:00 - 20:00,08:00 - 20:00,08:00 - 20:00,08:00 - 20:00,Closed,"https://maps.google.com/maps?saddr&daddr=Bahnhofstrasse%2040%20/%2042,%208703,Erlenbach%20ZH,%20Switzerland"
67, Fröschbach 59,8117 Fällanden,043 355 55 50,Denner Express,Bargeldbezug mit Post- / M-Card,08:00 - 20:00,08:00 - 20:00,08:00 - 20:00,08:00 - 20:00,08:00 - 20:00,08:00 - 20:00,Closed,"https://maps.google.com/maps?saddr&daddr=Fr%C3%B6schbach%2059,%208117,F%C3%A4llanden,%20Switzerland"
68, Hintere Grundstrasse 2,8135 Langnau am Albis,058 999 14 25,Denner Express,"Humidor, Bargeldbezug mit Post- / M-Card",08:00 - 20:00,08:00 - 20:00,08:00 - 20:00,08:00 - 20:00,08:00 - 20:00,08:00 - 18:00,Closed,"https://maps.google.com/maps?saddr&daddr=Hintere%20Grundstrasse%202,%208135,Langnau%20am%20Albis,%20Switzerland"
69, Alte Landstrasse 130,8800 Thalwil,058 999 03 14,Denner Filiale,"Humidor, Bargeldbezug mit Post- / M-Card",08:00 - 20:00,08:00 - 20:00,08:00 - 20:00,08:00 - 20:00,08:00 - 20:00,08:00 - 20:00,Closed,"https://maps.google.com/maps?saddr&daddr=Alte%20Landstrasse%20130,%208800,Thalwil,%20Switzerland"
70, Schaffhauserstrasse 126,8302 Kloten,058 999 06 69,Denner Express,"Humidor, Bargeldbezug mit Post- / M-Card",08:00 - 20:00,08:00 - 20:00,08:00 - 20:00,08:00 - 20:00,08:00 - 20:00,08:00 - 20:00,Closed,"https://maps.google.com/maps?saddr&daddr=Schaffhauserstrasse%20126,%208302,Kloten,%20Switzerland"
71, Riedmattstrasse 4,8153 Rümlang,058 999 05 96,Denner Filiale,"Humidor, Bargeldbezug mit Post- / M-Card",07:00 - 21:00,07:00 - 21:00,07:00 - 21:00,07:00 - 21:00,07:00 - 21:00,07:00 - 21:00,Closed,"https://maps.google.com/maps?saddr&daddr=Riedmattstrasse%204,%208153,R%C3%BCmlang,%20Switzerland"
72, Zürichstrasse 28,8306 Brüttisellen,058 999 65 40,Denner Partner,Bargeldbezug mit Post- / M-Card,08:00 - 20:00,08:00 - 20:00,08:00 - 20:00,08:00 - 20:00,08:00 - 20:00,08:00 - 17:00,Closed,"https://maps.google.com/maps?saddr&daddr=Z%C3%BCrichstrasse%2028,%208306,Br%C3%BCttisellen,%20Switzerland"
73, Löwenstrasse 15,8953 Dietikon,058 999 13 27,Denner Filiale,"Humidor, Bargeldbezug mit Post- / M-Card",08:00 - 20:00,08:00 - 20:00,08:00 - 20:00,08:00 - 20:00,08:00 - 20:00,08:00 - 18:00,Closed,"https://maps.google.com/maps?saddr&daddr=L%C3%B6wenstrasse%2015,%208953,Dietikon,%20Switzerland"
74, Dorfstrasse 16,8302 Kloten,058 999 04 28,Denner Filiale,"Humidor, Bargeldbezug mit Post- / M-Card",07:00 - 20:00,07:00 - 20:00,07:00 - 20:00,07:00 - 20:00,07:00 - 20:00,07:00 - 20:00,Closed,"https://maps.google.com/maps?saddr&daddr=Dorfstrasse%2016,%208302,Kloten,%20Switzerland"
75, Badenerstrasse 21,8953 Dietikon,058 999 06 08,Denner Filiale,"Humidor, Bargeldbezug mit Post- / M-Card",08:00 - 20:00,08:00 - 20:00,08:00 - 20:00,08:00 - 20:00,08:00 - 20:00,08:00 - 20:00,Closed,"https://maps.google.com/maps?saddr&daddr=Badenerstrasse%2021,%208953,Dietikon,%20Switzerland"
76, Huebwiesenstrasse 29,8954 Geroldswil,044 748 25 77,Denner Express,,07:30 - 19:00,07:30 - 19:00,07:30 - 19:00,07:30 - 19:00,07:30 - 19:00,07:30 - 18:00,Closed,"https://maps.google.com/maps?saddr&daddr=Huebwiesenstrasse%2029,%208954,Geroldswil,%20Switzerland"
77, Bahnstrasse 18,8603 Schwerzenbach,058 999 65 32,Denner Partner,Bargeldbezug mit Post- / M-Card,08:00 - 19:00,08:00 - 19:00,08:00 - 19:00,08:00 - 19:00,08:00 - 19:00,08:00 - 19:00,Closed,"https://maps.google.com/maps?saddr&daddr=Bahnstrasse%2018,%208603,Schwerzenbach,%20Switzerland"
78, Industriestrasse 1,8604 Volketswil,058 999 13 18,Denner Filiale,"Humidor, Bargeldbezug mit Post- / M-Card",08:00 - 19:00,08:00 - 19:00,09:00 - 20:00,09:00 - 20:00,09:00 - 20:00,08:00 - 20:00,Closed,"https://maps.google.com/maps?saddr&daddr=Industriestrasse%201,%208604,Volketswil,%20Switzerland"
79, Klotenerstrasse 26,8303 Bassersdorf,058 999 13 48,Denner Filiale,"Humidor, Bargeldbezug mit Post- / M-Card",07:00 - 20:00,07:00 - 20:00,07:00 - 20:00,07:00 - 20:00,07:00 - 20:00,07:00 - 20:00,Closed,"https://maps.google.com/maps?saddr&daddr=Klotenerstrasse%2026,%208303,Bassersdorf,%20Switzerland"
80, Fliederweg 2,8107 Buchs ZH,058 999 65 39,Denner Partner,"Humidor, Bargeldbezug mit Post- / M-Card",07:30 - 19:00,07:30 - 19:00,07:30 - 19:00,07:30 - 19:00,07:30 - 19:00,07:30 - 17:00,Closed,"https://maps.google.com/maps?saddr&daddr=Fliederweg%202,%208107,Buchs%20ZH,%20Switzerland"
81, Burstwiesenstrasse 1,8606 Greifensee,058 999 13 88,Denner Express,"Humidor, Bargeldbezug mit Post- / M-Card",08:00 - 20:00,08:00 - 20:00,08:00 - 20:00,08:00 - 20:00,08:00 - 20:00,08:00 - 18:00,Closed,"https://maps.google.com/maps?saddr&daddr=Burstwiesenstrasse%201,%208606,Greifensee,%20Switzerland"
82, Bellikerstrasse 15,8965 Berikon,058 999 04 61,Denner Filiale,"Humidor, Bargeldbezug mit Post- / M-Card",08:00 - 19:00,08:00 - 19:00,08:00 - 19:00,08:00 - 20:00,08:00 - 20:00,08:00 - 18:00,Closed,"https://maps.google.com/maps?saddr&daddr=Bellikerstrasse%2015,%208965,Berikon,%20Switzerland"
83, Im Zentrum 18,8604 Volketswil,058 999 06 83,Denner Filiale,"Humidor, Bargeldbezug mit Post- / M-Card",08:00 - 20:00,08:00 - 20:00,08:00 - 20:00,08:00 - 20:00,08:00 - 20:00,08:00 - 20:00,Closed,"https://maps.google.com/maps?saddr&daddr=Im%20Zentrum%2018,%208604,Volketswil,%20Switzerland"
84, Jonentalstrasse 1,8910 Affoltern am Albis,058 999 06 14,Denner Filiale,"Humidor, Bargeldbezug mit Post- / M-Card",08:00 - 20:00,08:00 - 20:00,08:00 - 20:00,08:00 - 20:00,08:00 - 20:00,08:00 - 20:00,Closed,"https://maps.google.com/maps?saddr&daddr=Jonentalstrasse%201,%208910,Affoltern%20am%20Albis,%20Switzerland"
85, Zürichstrasse 51,8910 Affoltern am Albis,058 999 03 18,Denner Filiale,"Humidor, Bargeldbezug mit Post- / M-Card",08:00 - 20:00,08:00 - 20:00,08:00 - 20:00,08:00 - 20:00,08:00 - 20:00,08:00 - 20:00,Closed,"https://maps.google.com/maps?saddr&daddr=Z%C3%BCrichstrasse%2051,%208910,Affoltern%20am%20Albis,%20Switzerland"
86, Ruchwiesenstrasse 2,8157 Dielsdorf,058 999 03 05,Denner Filiale,"Humidor, Bargeldbezug mit Post- / M-Card",08:00 - 20:00,08:00 - 20:00,08:00 - 20:00,08:00 - 20:00,08:00 - 20:00,08:00 - 20:00,Closed,"https://maps.google.com/maps?saddr&daddr=Ruchwiesenstrasse%202,%208157,Dielsdorf,%20Switzerland"
87, Hochhaus 9,8957 Spreitenbach,058 999 03 29,Denner Filiale,"Humidor, Bargeldbezug mit Post- / M-Card",08:00 - 20:00,08:00 - 20:00,09:00 - 20:00,09:00 - 20:00,09:00 - 20:00,08:00 - 20:00,Closed,"https://maps.google.com/maps?saddr&daddr=Hochhaus%209,%208957,Spreitenbach,%20Switzerland"
88, Hochhaus 9,8957 Spreitenbach,058 999 04 52,Denner Filiale,"Humidor, Bargeldbezug mit Post- / M-Card",08:00 - 20:00,08:00 - 20:00,09:00 - 20:00,09:00 - 20:00,09:00 - 20:00,08:00 - 20:00,Closed,"https://maps.google.com/maps?saddr&daddr=Hochhaus%209,%208957,Spreitenbach,%20Switzerland"
89, General-Willestrasse 144,8706 Feldmeilen,058 999 13 97,Denner Filiale,"Humidor, Bargeldbezug mit Post- / M-Card",07:30 - 20:00,07:30 - 20:00,07:30 - 20:00,07:30 - 20:00,07:30 - 20:00,07:30 - 20:00,Closed,"https://maps.google.com/maps?saddr&daddr=General-Willestrasse%20144,%208706,Feldmeilen,%20Switzerland"
90, Zufikerstrasse 2,5620 Bremgarten AG,058 999 03 21,Denner Filiale,"Humidor, Bargeldbezug mit Post- / M-Card",08:00 - 19:00,08:00 - 19:00,08:00 - 19:00,08:00 - 19:00,08:00 - 20:00,08:00 - 18:00,Closed,"https://maps.google.com/maps?saddr&daddr=Zufikerstrasse%202,%205620,Bremgarten%20AG,%20Switzerland"
91, Märtplatz 5,8307 Effretikon,058 999 06 62,Denner Filiale,"Humidor, Bargeldbezug mit Post- / M-Card",08:00 - 19:00,08:00 - 19:00,08:00 - 19:00,08:00 - 20:00,08:00 - 20:00,08:00 - 19:00,Closed,"https://maps.google.com/maps?saddr&daddr=M%C3%A4rtplatz%205,%208307,Effretikon,%20Switzerland"
92, Zugerstrasse 3,5620 Bremgarten AG,058 999 05 80,Denner Filiale,"Humidor, Bargeldbezug mit Post- / M-Card",08:00 - 19:00,08:00 - 19:00,08:00 - 19:00,08:00 - 19:00,08:00 - 20:00,08:00 - 18:00,Closed,"https://maps.google.com/maps?saddr&daddr=Zugerstrasse%203,%205620,Bremgarten%20AG,%20Switzerland"
93, Grendelbachstrasse 30,8307 Effretikon,058 999 04 81,Denner Filiale,"Humidor, Bargeldbezug mit Post- / M-Card",07:30 - 20:00,07:30 - 20:00,07:30 - 20:00,07:30 - 20:00,07:30 - 20:00,07:30 - 19:00,Closed,"https://maps.google.com/maps?saddr&daddr=Grendelbachstrasse%2030,%208307,Effretikon,%20Switzerland"
94, Dorfplatz 2,8810 Horgen,058 999 06 68,Denner Filiale,"Humidor, Bargeldbezug mit Post- / M-Card",08:00 - 20:00,08:00 - 20:00,08:00 - 20:00,08:00 - 20:00,08:00 - 20:00,08:00 - 20:00,Closed,"https://maps.google.com/maps?saddr&daddr=Dorfplatz%202,%208810,Horgen,%20Switzerland"
95, Isenlaufstrasse 2,5620 Bremgarten AG,056 641 11 80,Denner Satellit,Poststelle,08:00 - 19:00,08:00 - 19:00,08:00 - 19:00,08:00 - 19:00,08:00 - 19:00,08:00 - 17:00,Closed,"https://maps.google.com/maps?saddr&daddr=Isenlaufstrasse%202,%205620,Bremgarten%20AG,%20Switzerland"
96, Loren-Allee 22,8610 Uster,058 999 13 44,Denner Filiale,"Humidor, Bargeldbezug mit Post- / M-Card",08:00 - 20:00,08:00 - 20:00,08:00 - 20:00,08:00 - 20:00,08:00 - 20:00,08:00 - 18:00,Closed,"https://maps.google.com/maps?saddr&daddr=Loren-Allee%2022,%208610,Uster,%20Switzerland"
97, Zürichstrasse 20,8610 Uster,058 999 13 84,Denner Filiale,"Humidor, Bargeldbezug mit Post- / M-Card",08:00 - 20:00,08:00 - 20:00,08:00 - 20:00,08:00 - 20:00,08:00 - 20:00,08:00 - 20:00,Closed,"https://maps.google.com/maps?saddr&daddr=Z%C3%BCrichstrasse%2020,%208610,Uster,%20Switzerland"
98, Mönchaltorferstrasse 6,8132 Egg b. Zürich,058 999 05 05,Denner Filiale,"Humidor, Bargeldbezug mit Post- / M-Card",08:00 - 20:00,08:00 - 20:00,08:00 - 20:00,08:00 - 20:00,08:00 - 20:00,08:00 - 20:00,Closed,"https://maps.google.com/maps?saddr&daddr=M%C3%B6nchaltorferstrasse%206,%208132,Egg%20b.%20Z%C3%BCrich,%20Switzerland"
99, Oberlandstrasse 100,8610 Uster,058 999 14 44,Denner Filiale,"Humidor, Bargeldbezug mit Post- / M-Card",08:00 - 20:00,08:00 - 20:00,08:00 - 20:00,08:00 - 20:00,08:00 - 20:00,08:00 - 18:00,Closed,"https://maps.google.com/maps?saddr&daddr=Oberlandstrasse%20100,%208610,Uster,%20Switzerland"
100, Feldstrasse 85,8180 Bülach,058 999 05 95,Denner Filiale,"Humidor, Bargeldbezug mit Post- / M-Card",08:00 - 21:00,08:00 - 21:00,08:00 - 21:00,08:00 - 21:00,08:00 - 21:00,08:00 - 21:00,Closed,"https://maps.google.com/maps?saddr&daddr=Feldstrasse%2085,%208180,B%C3%BClach,%20Switzerland"
101, Seestrasse 338,8810 Horgen,058 999 14 38,Denner Filiale,"Humidor, Bargeldbezug mit Post- / M-Card",07:00 - 20:00,07:00 - 20:00,07:00 - 20:00,07:00 - 20:00,07:00 - 20:00,07:00 - 20:00,Closed,"https://maps.google.com/maps?saddr&daddr=Seestrasse%20338,%208810,Horgen,%20Switzerland"
102, Zürcherstrasse 17,8173 Neerach,058 999 65 42,Denner Partner,"Humidor, Bargeldbezug mit Post- / M-Card",07:00 - 19:00,07:00 - 19:00,07:00 - 19:00,07:00 - 19:00,07:00 - 19:00,07:00 - 18:00,Closed,"https://maps.google.com/maps?saddr&daddr=Z%C3%BCrcherstrasse%2017,%208173,Neerach,%20Switzerland"
103, Albisstrasse 8,8926 Kappel am Albis,058 999 65 21,Denner Partner,"Humidor, Bargeldbezug mit Post- / M-Card",06:00 - 20:00,06:00 - 20:00,06:00 - 20:00,06:00 - 20:00,06:00 - 20:00,07:00 - 18:00,Closed,"https://maps.google.com/maps?saddr&daddr=Albisstrasse%208,%208926,Kappel%20am%20Albis,%20Switzerland"
104, Dorfstrasse 147,8424 Embrach,058 999 05 82,Denner Express,"Humidor, Bargeldbezug mit Post- / M-Card",08:00 - 20:00,08:00 - 20:00,08:00 - 20:00,08:00 - 20:00,08:00 - 20:00,08:00 - 18:00,Closed,"https://maps.google.com/maps?saddr&daddr=Dorfstrasse%20147,%208424,Embrach,%20Switzerland"
105, Bahnhofstrasse 28,8180 Bülach,058 999 06 89,Denner Filiale,"Humidor, Bargeldbezug mit Post- / M-Card",08:00 - 20:00,08:00 - 20:00,08:00 - 20:00,08:00 - 20:00,08:00 - 20:00,08:00 - 20:00,Closed,"https://maps.google.com/maps?saddr&daddr=Bahnhofstrasse%2028,%208180,B%C3%BClach,%20Switzerland"
106, Esslingerstrasse 11,8617 Mönchaltorf,058 999 14 08,Denner Filiale,"Humidor, Bargeldbezug mit Post- / M-Card",07:30 - 20:00,07:30 - 20:00,07:30 - 20:00,07:30 - 20:00,07:30 - 20:00,07:30 - 20:00,Closed,"https://maps.google.com/maps?saddr&daddr=Esslingerstrasse%2011,%208617,M%C3%B6nchaltorf,%20Switzerland"
107, Hardhofstrasse 9,8424 Embrach,058 999 14 61,Denner Filiale,"Humidor, Bargeldbezug mit Post- / M-Card",07:30 - 21:00,07:30 - 21:00,07:30 - 21:00,07:30 - 21:00,07:30 - 21:00,07:30 - 21:00,Closed,"https://maps.google.com/maps?saddr&daddr=Hardhofstrasse%209,%208424,Embrach,%20Switzerland"
108, Glasistrasse 4,8180 Bülach,058 999 14 52,Denner Filiale,"Humidor, Bargeldbezug mit Post- / M-Card",07:00 - 20:00,07:00 - 20:00,07:00 - 20:00,07:00 - 20:00,07:00 - 20:00,07:00 - 20:00,Closed,"https://maps.google.com/maps?saddr&daddr=Glasistrasse%204,%208180,B%C3%BClach,%20Switzerland"
109, Bahnhofstrasse 29,8320 Fehraltorf,058 999 13 38,Denner Filiale,"Humidor, Bargeldbezug mit Post- / M-Card",07:30 - 20:00,07:30 - 20:00,07:30 - 20:00,07:30 - 20:00,07:30 - 20:00,08:00 - 18:00,Closed,"https://maps.google.com/maps?saddr&daddr=Bahnhofstrasse%2029,%208320,Fehraltorf,%20Switzerland"
110, Ziegeleiplatz 2,8406 Winterthur,058 999 14 49,Denner Bibite,"Humidor, Bargeldbezug mit Post- / M-Card",07:30 - 20:00,07:30 - 20:00,07:30 - 20:00,07:30 - 20:00,07:30 - 20:00,08:00 - 19:00,Closed,"https://maps.google.com/maps?saddr&daddr=Ziegeleiplatz%202,%208406,Winterthur,%20Switzerland"
111, Luzernerstrasse 10,5630 Muri AG,058 999 65 49,Denner Partner,"Bargeldbezug mit Post- / M-Card, Humidor",07:30 - 20:00,07:30 - 20:00,07:00 - 20:00,07:00 - 20:00,07:00 - 20:00,08:00 - 19:00,Closed,"https://maps.google.com/maps?saddr&daddr=Luzernerstrasse%2010,%205630,Muri%20AG,%20Switzerland"
112, Bremgartenstrasse 48,5610 Wohlen AG,058 999 03 31,Denner Filiale,"Humidor, Bargeldbezug mit Post- / M-Card",07:30 - 20:00,07:30 - 20:00,07:30 - 20:00,07:30 - 20:00,07:30 - 20:00,07:30 - 18:00,Closed,"https://maps.google.com/maps?saddr&daddr=Bremgartenstrasse%2048,%205610,Wohlen%20AG,%20Switzerland"
113, Landstrasse 79,5430 Wettingen,058 999 06 12,Denner Filiale,"Humidor, Bargeldbezug mit Post- / M-Card",08:00 - 20:00,08:00 - 20:00,08:00 - 20:00,08:00 - 20:00,08:00 - 20:00,08:00 - 20:00,Closed,"https://maps.google.com/maps?saddr&daddr=Landstrasse%2079,%205430,Wettingen,%20Switzerland"
114, Weiacherstrasse 1,8422 Pfungen,058 999 13 05,Denner Filiale,"Humidor, Bargeldbezug mit Post- / M-Card",08:00 - 20:00,08:00 - 20:00,08:00 - 20:00,08:00 - 20:00,08:00 - 20:00,08:00 - 18:00,Closed,"https://maps.google.com/maps?saddr&daddr=Weiacherstrasse%201,%208422,Pfungen,%20Switzerland"
115, Badenerstrasse 5c,5442 Fislisbach,058 999 13 78,Denner Filiale,"Humidor, Bargeldbezug mit Post- / M-Card",08:00 - 19:00,08:00 - 19:00,08:00 - 19:00,08:00 - 19:00,08:00 - 19:00,08:00 - 18:00,Closed,"https://maps.google.com/maps?saddr&daddr=Badenerstrasse%205c,%205442,Fislisbach,%20Switzerland"
116, Alte Landstrasse 260-264,8708 Männedorf,058 999 05 76,Denner Filiale,"Humidor, Bargeldbezug mit Post- / M-Card",08:00 - 20:00,08:00 - 20:00,08:00 - 20:00,08:00 - 20:00,08:00 - 20:00,07:30 - 18:00,Closed,"https://maps.google.com/maps?saddr&daddr=Alte%20Landstrasse%20260-264,%208708,M%C3%A4nnedorf,%20Switzerland"
117, Zürcherstrasse 120,8406 Winterthur,058 999 13 53,Denner Filiale,"Humidor, Bargeldbezug mit Post- / M-Card",07:30 - 20:00,07:30 - 20:00,07:30 - 20:00,07:30 - 20:00,07:30 - 20:00,08:00 - 19:00,Closed,"https://maps.google.com/maps?saddr&daddr=Z%C3%BCrcherstrasse%20120,%208406,Winterthur,%20Switzerland"
118, Schulhausstrasse 3/5,8618 Oetwil am See,058 999 65 83,Denner Partner,"Poststelle, Bargeldbezug mit Post- / M-Card",07:00 - 19:00,07:00 - 19:00,07:00 - 19:00,07:00 - 19:00,07:00 - 19:00,07:00 - 17:00,Closed,"https://maps.google.com/maps?saddr&daddr=Schulhausstrasse%203/5,%208618,Oetwil%20am%20See,%20Switzerland"
119, Alte Bahnhofstrasse 27,5610 Wohlen AG,058 999 04 48,Denner Filiale,"Humidor, Bargeldbezug mit Post- / M-Card",08:00 - 20:00,08:00 - 20:00,08:00 - 20:00,08:00 - 20:00,08:00 - 20:00,07:30 - 20:00,Closed,"https://maps.google.com/maps?saddr&daddr=Alte%20Bahnhofstrasse%2027,%205610,Wohlen%20AG,%20Switzerland"
120, Laufenbachstrasse 10,8625 Gossau ZH,058 999 14 60,Denner Filiale,"Humidor, Bargeldbezug mit Post- / M-Card",07:00 - 20:00,07:00 - 20:00,07:00 - 20:00,07:00 - 20:00,07:00 - 20:00,07:30 - 20:00,Closed,"https://maps.google.com/maps?saddr&daddr=Laufenbachstrasse%2010,%208625,Gossau%20ZH,%20Switzerland"
121, Turmstrasse 17,8330 Pfäffikon ZH,058 999 06 73,Denner Filiale,"Humidor, Bargeldbezug mit Post- / M-Card",08:00 - 20:00,08:00 - 20:00,08:00 - 20:00,08:00 - 20:00,08:00 - 20:00,08:00 - 18:00,Closed,"https://maps.google.com/maps?saddr&daddr=Turmstrasse%2017,%208330,Pf%C3%A4ffikon%20ZH,%20Switzerland"
122, Seestrasse 27,8330 Pfäffikon ZH,058 999 13 09,Denner Filiale,"Humidor, Bargeldbezug mit Post- / M-Card",08:00 - 20:00,08:00 - 20:00,08:00 - 20:00,08:00 - 20:00,08:00 - 20:00,08:00 - 18:00,Closed,"https://maps.google.com/maps?saddr&daddr=Seestrasse%2027,%208330,Pf%C3%A4ffikon%20ZH,%20Switzerland"
123, Oberdorfstrasse 21,8820 Wädenswil,058 999 04 31,Denner Filiale,"Humidor, Bargeldbezug mit Post- / M-Card",08:00 - 20:00,08:00 - 20:00,08:00 - 20:00,08:00 - 20:00,08:00 - 20:00,08:00 - 20:00,Closed,"https://maps.google.com/maps?saddr&daddr=Oberdorfstrasse%2021,%208820,W%C3%A4denswil,%20Switzerland"
124, Lenzburgerstrasse 50,5507 Mellingen,058 999 13 13,Denner Filiale,"Humidor, Bargeldbezug mit Post- / M-Card",08:00 - 20:00,08:00 - 20:00,08:00 - 20:00,08:00 - 20:00,08:00 - 20:00,08:00 - 18:00,Closed,"https://maps.google.com/maps?saddr&daddr=Lenzburgerstrasse%2050,%205507,Mellingen,%20Switzerland"
125, Oberdorfstrasse 6a,6340 Baar,058 999 03 12,Denner Filiale,"Humidor, Bargeldbezug mit Post- / M-Card",08:00 - 20:00,08:00 - 20:00,07:30 - 19:00,07:30 - 19:00,07:30 - 20:00,08:00 - 18:00,Closed,"https://maps.google.com/maps?saddr&daddr=Oberdorfstrasse%206a,%206340,Baar,%20Switzerland"
126, Zwischenweg 1,8413 Neftenbach,058 999 65 85,Denner Express,Bargeldbezug mit Post- / M-Card,07:30 - 18:30,07:30 - 18:30,07:30 - 18:30,07:30 - 18:30,07:30 - 18:30,07:30 - 17:00,Closed,"https://maps.google.com/maps?saddr&daddr=Zwischenweg%201,%208413,Neftenbach,%20Switzerland"
127, Strickerstrasse 3,8400 Winterthur,058 999 06 87,Denner Filiale,"Humidor, Bargeldbezug mit Post- / M-Card",08:00 - 20:00,08:00 - 20:00,08:00 - 20:00,08:00 - 20:00,08:00 - 20:00,08:00 - 18:00,Closed,"https://maps.google.com/maps?saddr&daddr=Strickerstrasse%203,%208400,Winterthur,%20Switzerland"
128, Zugerstrasse 47,6312 Steinhausen,058 999 05 90,Denner Filiale,"Humidor, Bargeldbezug mit Post- / M-Card",08:00 - 20:00,08:00 - 20:00,08:00 - 19:00,08:00 - 19:00,08:00 - 19:00,08:00 - 18:00,Closed,"https://maps.google.com/maps?saddr&daddr=Zugerstrasse%2047,%206312,Steinhausen,%20Switzerland"
129, Schützenstrasse 39,8400 Winterthur,058 999 13 75,Denner Filiale,"Humidor, Bargeldbezug mit Post- / M-Card",07:30 - 20:00,07:30 - 20:00,07:30 - 20:00,07:30 - 20:00,07:30 - 20:00,08:00 - 19:00,Closed,"https://maps.google.com/maps?saddr&daddr=Sch%C3%BCtzenstrasse%2039,%208400,Winterthur,%20Switzerland"
130, Hinterbergstrasse 40,6312 Steinhausen,058 999 06 52,Denner Filiale,"Humidor, Bargeldbezug mit Post- / M-Card",07:30 - 20:00,07:30 - 20:00,08:00 - 19:00,08:00 - 19:00,08:00 - 21:00,08:00 - 19:00,Closed,"https://maps.google.com/maps?saddr&daddr=Hinterbergstrasse%2040,%206312,Steinhausen,%20Switzerland"
131, Stadthausstrasse 10a,8400 Winterthur,058 999 13 82,Denner Express,"Humidor, Bargeldbezug mit Post- / M-Card",07:30 - 20:00,07:30 - 20:00,07:30 - 20:00,07:30 - 20:00,07:30 - 20:00,08:00 - 20:00,Closed,"https://maps.google.com/maps?saddr&daddr=Stadthausstrasse%2010a,%208400,Winterthur,%20Switzerland"
132, Pflanzschulstrasse 9,8400 Winterthur,058 999 13 25,Denner Filiale,"Humidor, Bargeldbezug mit Post- / M-Card",07:30 - 20:00,07:30 - 20:00,07:30 - 20:00,07:30 - 20:00,07:30 - 20:00,08:00 - 19:00,Closed,"https://maps.google.com/maps?saddr&daddr=Pflanzschulstrasse%209,%208400,Winterthur,%20Switzerland"
133, Bahnhofstrasse 19,8620 Wetzikon ZH 1,058 999 03 90,Denner Filiale,"Humidor, Bargeldbezug mit Post- / M-Card",07:30 - 21:00,07:30 - 21:00,07:30 - 21:00,07:30 - 21:00,07:30 - 21:00,07:30 - 21:00,Closed,"https://maps.google.com/maps?saddr&daddr=Bahnhofstrasse%2019,%208620,Wetzikon%20ZH%201,%20Switzerland"
134, Dorfplatz 8,5612 Villmergen,058 999 13 52,Denner Filiale,"Humidor, Bargeldbezug mit Post- / M-Card",08:00 - 20:00,08:00 - 20:00,08:00 - 20:00,08:00 - 20:00,08:00 - 20:00,07:30 - 20:00,Closed,"https://maps.google.com/maps?saddr&daddr=Dorfplatz%208,%205612,Villmergen,%20Switzerland"
135, Kreuzstrasse 4,8712 Stäfa,058 999 05 79,Denner Express,"Humidor, Bargeldbezug mit Post- / M-Card",08:00 - 20:00,08:00 - 20:00,08:00 - 20:00,08:00 - 20:00,08:00 - 20:00,08:00 - 20:00,Closed,"https://maps.google.com/maps?saddr&daddr=Kreuzstrasse%204,%208712,St%C3%A4fa,%20Switzerland"
136, Bahnhofstrasse 16,5605 Dottikon,056 624 12 84,Denner Partner,Bargeldbezug mit Post- / M-Card,07:30 - 19:00,07:30 - 19:00,07:30 - 19:00,07:30 - 19:00,07:30 - 19:00,07:30 - 18:00,Closed,"https://maps.google.com/maps?saddr&daddr=Bahnhofstrasse%2016,%205605,Dottikon,%20Switzerland"
137, Bahnhofstrasse 151,8620 Wetzikon ZH,058 999 06 85,Denner Bibite,"Humidor, Bargeldbezug mit Post- / M-Card",08:00 - 20:00,08:00 - 20:00,08:00 - 20:00,08:00 - 20:00,08:00 - 20:00,08:00 - 19:00,Closed,"https://maps.google.com/maps?saddr&daddr=Bahnhofstrasse%20151,%208620,Wetzikon%20ZH,%20Switzerland"
138, Kirchweg 25,5415 Nussbaumen (AG),056 282 15 16,Denner Satellit,Humidor,08:00 - 20:00,08:00 - 20:00,08:00 - 12:00,08:00 - 20:00,08:00 - 20:00,08:00 - 19:00,Closed,"https://maps.google.com/maps?saddr&daddr=Kirchweg%2025,%205415,Nussbaumen%20%28AG%29,%20Switzerland"
139, Bruggerstrasse 161,5400 Baden,058 999 14 17,Denner Filiale,"Humidor, Bargeldbezug mit Post- / M-Card",08:00 - 19:00,08:00 - 19:00,08:00 - 19:00,08:00 - 19:00,08:00 - 19:00,08:00 - 18:00,Closed,"https://maps.google.com/maps?saddr&daddr=Bruggerstrasse%20161,%205400,Baden,%20Switzerland"
140, Sandgruebstrasse 1,8193 Eglisau,058 999 06 63,Denner Filiale,"Humidor, Bargeldbezug mit Post- / M-Card",08:00 - 20:00,08:00 - 20:00,08:00 - 20:00,08:00 - 20:00,08:00 - 20:00,08:00 - 18:00,Closed,"https://maps.google.com/maps?saddr&daddr=Sandgruebstrasse%201,%208193,Eglisau,%20Switzerland"
141, Grüzefeldstrasse 24,8400 Winterthur,058 999 13 28,Denner Filiale,"Humidor, Bargeldbezug mit Post- / M-Card",07:30 - 20:00,07:30 - 20:00,07:30 - 20:00,07:30 - 20:00,07:30 - 20:00,08:00 - 19:00,Closed,"https://maps.google.com/maps?saddr&daddr=Gr%C3%BCzefeldstrasse%2024,%208400,Winterthur,%20Switzerland"
142, Schaffhauserstrasse 152,8400 Winterthur,058 999 13 02,Denner Filiale,"Humidor, Bargeldbezug mit Post- / M-Card",08:30 - 20:00,08:30 - 20:00,08:30 - 20:00,08:30 - 20:00,08:30 - 20:00,08:30 - 19:00,Closed,"https://maps.google.com/maps?saddr&daddr=Schaffhauserstrasse%20152,%208400,Winterthur,%20Switzerland"
143, Hinterdorfstrasse 40,8405 Winterthur,058 999 06 91,Denner Filiale,"Humidor, Bargeldbezug mit Post- / M-Card",08:00 - 19:00,08:00 - 19:00,08:00 - 19:00,08:00 - 20:00,08:00 - 20:00,08:00 - 18:00,Closed,"https://maps.google.com/maps?saddr&daddr=Hinterdorfstrasse%2040,%208405,Winterthur,%20Switzerland"
144, Hertizentrum 10,6303 Zug,058 999 14 43,Denner Filiale,"Humidor, Bargeldbezug mit Post- / M-Card",08:00 - 19:00,08:00 - 19:00,07:30 - 19:00,07:30 - 19:00,07:30 - 20:00,08:00 - 18:00,Closed,"https://maps.google.com/maps?saddr&daddr=Hertizentrum%2010,%206303,Zug,%20Switzerland"
145, Bahnhofstrasse 255,8623 Wetzikon ZH,058 999 14 12,Denner Express,"Humidor, Bargeldbezug mit Post- / M-Card",07:30 - 20:00,07:30 - 20:00,07:30 - 20:00,07:30 - 20:00,07:30 - 20:00,07:30 - 18:00,Closed,"https://maps.google.com/maps?saddr&daddr=Bahnhofstrasse%20255,%208623,Wetzikon%20ZH,%20Switzerland"
146, Zugerstrasse 15 / 17,6330 Cham,058 999 06 51,Denner Filiale,"Humidor, Bargeldbezug mit Post- / M-Card",07:30 - 20:00,07:30 - 20:00,08:00 - 19:00,08:00 - 19:00,08:00 - 20:00,07:30 - 18:00,Closed,"https://maps.google.com/maps?saddr&daddr=Zugerstrasse%2015%20/%2017,%206330,Cham,%20Switzerland"
147, Frauenfelderstr. 124,8404 Winterthur,058 999 04 84,Denner Filiale,"Humidor, Bargeldbezug mit Post- / M-Card",07:30 - 20:00,07:30 - 20:00,07:30 - 20:00,07:30 - 20:00,07:30 - 20:00,08:00 - 19:00,Closed,"https://maps.google.com/maps?saddr&daddr=Frauenfelderstr.%20124,%208404,Winterthur,%20Switzerland"
148, Rigiweg 1,5614 Sarmenstorf,056 667 32 08,Denner Express,Bargeldbezug mit Post- / M-Card,07:00 - 18:30,07:00 - 18:30,07:00 - 18:30,07:00 - 18:30,07:00 - 18:30,07:00 - 16:00,Closed,"https://maps.google.com/maps?saddr&daddr=Rigiweg%201,%205614,Sarmenstorf,%20Switzerland"
149, Baarerstrasse 22,6300 Zug,058 999 06 53,Denner Filiale,"Humidor, Bargeldbezug mit Post- / M-Card",07:00 - 18:30,07:00 - 18:30,08:00 - 19:00,08:00 - 20:00,08:00 - 19:00,07:00 - 16:00,Closed,"https://maps.google.com/maps?saddr&daddr=Baarerstrasse%2022,%206300,Zug,%20Switzerland"
150, Baarerstrasse 8,6300 Zug,058 999 04 27,Denner Express,"Humidor, Bargeldbezug mit Post- / M-Card",07:00 - 18:30,07:00 - 18:30,07:30 - 19:00,07:30 - 20:00,07:30 - 19:00,07:00 - 16:00,Closed,"https://maps.google.com/maps?saddr&daddr=Baarerstrasse%208,%206300,Zug,%20Switzerland"
151, Neudorfstrasse 33,6313 Menzingen,058 999 13 91,Denner Express,"Humidor, Bargeldbezug mit Post- / M-Card, Post Servicepoint",07:00 - 18:30,07:00 - 18:30,07:00 - 19:00,07:00 - 19:00,07:00 - 19:00,07:00 - 16:00,Closed,"https://maps.google.com/maps?saddr&daddr=Neudorfstrasse%2033,%206313,Menzingen,%20Switzerland"
152, Bauelenzelgstrasse 16,8193 Eglisau,058 999 13 58,Denner Filiale,"Humidor, Bargeldbezug mit Post- / M-Card, Spezial Biere",08:00 - 20:00,08:00 - 20:00,08:00 - 20:00,08:00 - 20:00,08:00 - 20:00,08:00 - 20:00,Closed,"https://maps.google.com/maps?saddr&daddr=Bauelenzelgstrasse%2016,%208193,Eglisau,%20Switzerland"
153, Rosengartenstrasse 4,8805 Richterswil,058 999 03 07,Denner Filiale,"Humidor, Bargeldbezug mit Post- / M-Card",08:00 - 20:00,08:00 - 20:00,08:00 - 20:00,08:00 - 20:00,08:00 - 20:00,08:00 - 18:00,Closed,"https://maps.google.com/maps?saddr&daddr=Rosengartenstrasse%204,%208805,Richterswil,%20Switzerland"
154, Im Zentrum 10,8634 Hombrechtikon,058 999 65 71,Denner Partner,Bargeldbezug mit Post- / M-Card,08:00 - 19:00,08:00 - 19:00,08:00 - 19:00,08:00 - 19:00,08:00 - 19:00,08:00 - 19:00,Closed,"https://maps.google.com/maps?saddr&daddr=Im%20Zentrum%2010,%208634,Hombrechtikon,%20Switzerland"
155, Römerstrasse 243,8404 Winterthur,058 999 14 62,Denner Express,"Humidor, Bargeldbezug mit Post- / M-Card",07:30 - 20:00,07:30 - 20:00,07:30 - 20:00,07:30 - 20:00,07:30 - 20:00,08:00 - 19:00,Closed,"https://maps.google.com/maps?saddr&daddr=R%C3%B6merstrasse%20243,%208404,Winterthur,%20Switzerland"
156, Hintermühlenstrasse 4,8409 Winterthur,058 999 13 15,Denner Filiale,"Humidor, Bargeldbezug mit Post- / M-Card",08:00 - 20:00,08:00 - 20:00,08:00 - 20:00,08:00 - 20:00,08:00 - 20:00,08:00 - 19:00,Closed,"https://maps.google.com/maps?saddr&daddr=Hinterm%C3%BChlenstrasse%204,%208409,Winterthur,%20Switzerland"
157, Wässeristrasse 20,8340 Hinwil,058 999 06 67,Denner Filiale,"Humidor, Bargeldbezug mit Post- / M-Card",07:30 - 20:00,07:30 - 20:00,07:30 - 20:00,07:30 - 20:00,07:30 - 20:00,07:30 - 20:00,Closed,"https://maps.google.com/maps?saddr&daddr=W%C3%A4sseristrasse%2020,%208340,Hinwil,%20Switzerland"
158, Wambisterstrasse 2,5412 Gebenstorf,058 999 13 40,Denner Filiale,"Humidor, Bargeldbezug mit Post- / M-Card",08:00 - 20:00,08:00 - 20:00,08:00 - 20:00,08:00 - 20:00,08:00 - 20:00,08:00 - 18:00,Closed,"https://maps.google.com/maps?saddr&daddr=Wambisterstrasse%202,%205412,Gebenstorf,%20Switzerland"
159, Wächlenstrasse 1,8832 Wollerau,058 999 14 42,Denner Filiale,"Humidor, Bargeldbezug mit Post- / M-Card",08:00 - 20:00,08:00 - 20:00,07:30 - 20:00,07:30 - 20:00,07:30 - 20:00,08:00 - 18:00,Closed,"https://maps.google.com/maps?saddr&daddr=W%C3%A4chlenstrasse%201,%208832,Wollerau,%20Switzerland"
